{"accuracy": [0.575873076915741, 0.8594921231269836, 0.915570080280304, 0.9414041042327881, 0.9546482563018799, 0.9654313921928406, 0.9720179438591003, 0.9759015440940857, 0.9806387424468994, 0.980951726436615], "loss": [1.4450764656066895, 0.4422910213470459, 0.26256293058395386, 0.17807979881763458, 0.1377800554037094, 0.10435114800930023, 0.08594217151403427, 0.07278548181056976, 0.05968692526221275, 0.057207606732845306], "val_accuracy": [0.784259021282196, 0.8930684924125671, 0.9165717959403992, 0.9404734969139099, 0.9571477174758911, 0.9527088403701782, 0.9606760740280151, 0.9626678824424744, 0.9610744118690491, 0.9676189422607422], "val_loss": [0.6663222908973694, 0.33440616726875305, 0.2523582875728607, 0.18559493124485016, 0.13265252113342285, 0.15451136231422424, 0.12717558443546295, 0.12279906868934631, 0.12784886360168457, 0.11098042130470276]}